{
  "zone": {
    "Гараж [SF]": { "x": -1960, "y": 614.8281 },
    "Порт [SF]": { "x": -1731.5, "y": 118.919899 },
    "Come-A-Lot": { "x": 2115.459717, "y": 920.206421 },
    "Автошкола": { "x": -2026.514404, "y": -95.752701 },
    "Автосалон [SF] B/A": { "x": -1638.35144, "y": 1202.657227 },
    "Банк [LS]": { "x": 1411.71875, "y": -1699.705566 },
    "Клуб Amnesia": { "x": 2507.358398, "y": 1242.260132 },
    "Новости [LS]": { "x": 1632.979248, "y": -1712.134644 },
    "Spinybed": { "x": 2169.407715, "y": 2795.919189 },
    "Амму-нация [LV]": { "x": 2154.377686, "y": 935.150208 },
    "Ballas": { "x": 2702.399414, "y": -2003.425903 },
    "Ферма 2": { "x": -1060.39856, "y": -1205.524048 },
    "Julius": { "x": 2640.000244, "y": 1106.087646 },
    "Emerald Isle": { "x": 2202.513672, "y": 2474.13623 },
    "Грабители домов": { "x": 2444.0413, "y": -1971.8397 },
    "АВ/ЖД вокзал [SF]": { "x": -1985.027222, "y": 113.767799 },
    "Прием металла": { "x": 2263.516846, "y": -2537.962158 },
    "Yakuza": { "x": 1538.84436, "y": 2761.891602 },
    "Outlaws MC": { "x": -309.605103, "y": 1303.436035 },
    "Клуб Pig Pen": { "x": 2417.153076, "y": -1244.189941 },
    "Sobrino de Botin": { "x": 2269.751465, "y": -74.159599 },
    "Спортзал [LV]": { "x": 2098.566895, "y": 2480.085938 },
    "Ферма 4": { "x": 1925.693237, "y": 170.401703 },
    "Sons of Silence MC": { "x": 1243.829102, "y": 203.576202 },
    "Vinewood": { "x": 1380.432251, "y": -897.429016 },
    "Грабители ЛЭП": { "x": 2285.899658, "y": -2339.326904 },
    "Flats": { "x": -2718.883301, "y": 50.5322 },
    "Автосалон [SF] D/C": { "x": -1987.325806, "y": 288.925507 },
    "Easter": { "x": -1675.596558, "y": 413.487213 },
    "Grove street": { "x": 2491.886963, "y": -1666.881348 },
    "Пейнтбол": { "x": 2488.860107, "y": 2776.471191 },
    "Montgomery": { "x": 1381.814453, "y": 459.14801 },
    "La Cosa Nostra": { "x": 1461.381958, "y": 659.340027 },
    "Грузчики": { "x": 2230.001709, "y": -2211.310547 },
    "Больница [LV]": { "x": 1607.858, "y": 1820.549 },
    "Ферма 0": { "x": -381.502808, "y": -1438.979248 },
    "Warlocks MC": { "x": 661.681824, "y": 1717.991211 },
    "Мэрия": { "x": 1481.229248, "y": -1749.487305 },
    "ФБР": { "x": -2418.072754, "y": 497.657501 },
    "PricklePine": { "x": 2147.674561, "y": 2747.945313 },
    "Армия [LV]": { "x": 133.322205, "y": 1994.77356 },
    "Вертолет [LS]": { "x": 1571.372192, "y": -1335.252197 },
    "Черный рынок": { "x": 2519.776367, "y": -1272.694214 },
    "Бар Lil Probe Inn": { "x": -89.612503, "y": 1378.249268 },
    "BoneCounty": { "x": 614.468323, "y": 1692.853638 },
    "Магазин одежды [LV]": { "x": 2802.930664, "y": 2430.718018 },
    "Стоянка электриков": { "x": -84.297798, "y": -1125.867188 },
    "Ферма 3": { "x": -5.5959, "y": 67.837303 },
    "Нефтезавод 1": { "x": 256.26001, "y": 1414.930054 },
    "Bandidos MC": { "x": -1940.291016, "y": 2380.227783 },
    "Авиашкола LV": { "x": 1319.1371, "y": 1249.5378 },
    "Аэропорт [SF]": { "x": -1551.542847, "y": -436.707214 },
    "Новости [SF]": { "x": -2013.973755, "y": 469.190094 },
    "Mulholland": { "x": 1003.979614, "y": -937.547302 },
    "Гора Чилиад": { "x": -2231.874, "y": -1739.619 },
    "Vagos": { "x": 2803.55542, "y": -1585.0625 },
    "Бар Big Spread Ranch": { "x": 693.625305, "y": 1967.683716 },
    "Vagos MC": { "x": -315.249115, "y": 1773.921875 },
    "Склад продуктов": { "x": -502.780609, "y": -553.796204 },
    "Магазин одежды [SF]": { "x": -1694.672119, "y": 951.845581 },
    "Церковь [SF]": { "x": -1981.333252, "y": 1117.466675 },
    "Angel Pine": { "x": -2155.095215, "y": -2460.37793 },
    "Лесопилка 2": { "x": -1978.709961, "y": -2435.139893 },
    "Торговая площадка": { "x": -1939.609131, "y": 555.069824 },
    "Santa Maria": { "x": 331.410309, "y": -1802.567505 },
    "Dillimore": { "x": 655.649109, "y": -564.918518 },
    "Порт [LS]": { "x": 2507.131348, "y": -2234.151855 },
    "AngelPine": { "x": -2243.743896, "y": -2560.55542 },
    "СТО [LS]": { "x": 854.575928, "y": -605.205322 },
    "Бар Misty": { "x": -2246.219482, "y": -90.975998 },
    "Автоугонщики": { "x": 2494.080078, "y": -1464.709961 },
    "ЖД вокзал [LS]": { "x": 1808.494507, "y": -1896.349854 },
    "Автосалон [LS] Nope": { "x": 557.109619, "y": -1285.791626 },
    "Idlewood": { "x": 1940.922241, "y": -1772.977905 },
    "Склад урожая": { "x": 1629.969971, "y": 2326.031494 },
    "Перегон. Получение": { "x": 2476.624756, "y": -2596.437256 },
    "Аэропорт [LV]": { "x": 1726.2912, "y": 1610.0333 },
    "Магазин одежды [LS]": { "x": 461.51239, "y": -1500.866211 },
    "Клуб Alhambra": { "x": 1827.609253, "y": -1682.12207 },
    "Русская мафия": { "x": 1001.480103, "y": 1690.514526 },
    "Автобусный парк [LS]": { "x": 1672.12, "y": -1170.56 },
    "Автобусный парк [SF]": { "x": -2306.51, "y": -97.76 },
    "Автобусный парк [LV]": { "x": 2568.63, "y": 1402.62 },
    "Redsands West": { "x": 1157.925537, "y": 2072.282227 },
    "Marina Cluck": { "x": 928.539917, "y": -1352.939331 },
    "Полиция [LV]": { "x": 2283.758789, "y": 2420.525146 },
    "ElGuebrabos": { "x": -1328.19751, "y": 2677.596924 },
    "Redsands": { "x": 1596.309814, "y": 2199.004639 },
    "Банк [LV]": { "x": 2412.57666, "y": 1123.766235 },
    "Алкозавод": { "x": -49.508301, "y": -297.973602 },
    "Стадион [LV]": { "x": 1099.208, "y": 1600.952 },
    "Казино 4 Дракона": { "x": 2327.4501, "y": 2114.2021 },
    "Склад бара 4 Дракона": { "x": 2225.8444, "y": 2067.194 },
    "Казино Belagio": { "x": 2330.4199, "y": 2166.1262 },
    "Стадион [LS]": { "x": 2704.779053, "y": -1701.145874 },
    "Tierra Robada": { "x": -1471.741943, "y": 1863.972412 },
    "Glen Park": { "x": 1970.055, "y": -1204.361 },
    "Garcia": { "x": -2335.71875, "y": -166.687805 },
    "Jefferson Motel": { "x": 2228.676, "y": -1161.456 },
    "Лесопилка 1": { "x": -449.269897, "y": -65.660004 },
    "Склад угля 2": { "x": -2923.211, "y": -1424.843 },
    "СТО [LV]": { "x": 1658.380371, "y": 2200.350342 },
    "Полиция [SF]": { "x": -1607.410034, "y": 723.03717 },
    "Marina Burger": { "x": 810.51001, "y": -1616.193848 },
    "Армия [SF]": { "x": -1554.953613, "y": 500.124207 },
    "Гараж [LV]": { "x": 1447.29541, "y": 2370.61499 },
    "Гараж [LS]": { "x": 1636.65918, "y": -1525.564209 },
    "Склад бара Калигула": { "x": 2237.3657, "y": 2230.6188 },
    "Вертолет [LV]": { "x": 2614.588379, "y": 2735.326416 },
    "СТО [SF]": { "x": -1799.868042, "y": 1200.299316 },
    "Больница [SF]": { "x": -2658.259766, "y": 627.981018 },
    "Willowfield": { "x": 2397.851563, "y": -1899.040039 },
    "Old Venturas Strip": { "x": 2393.200684, "y": 2041.559448 },
    "Strip": { "x": 2083.269775, "y": 2224.69751 },
    "Redsands East": { "x": 1872.255249, "y": 2071.863037 },
    "Whetstone": { "x": -1605.54834, "y": -2714.580322 },
    "Перегон. Сдача": { "x": -1705.791138, "y": 12.4111 },
    "Esplanade": { "x": -1721.592529, "y": 1360.345215 },
    "Financial": { "x": -1807.485352, "y": 944.666626 },
    "Нефтезавод 2": { "x": -1046.780029, "y": -670.650024 },
    "Palomino Creek": { "x": 2250.245117, "y": 52.701401 },
    "Comedy club": { "x": 2506.8877, "y": 2120.3816 },
    "Juniper": { "x": -2410.803467, "y": 975.240906 },
    "Наркопритон": { "x": 2182.824707, "y": -1669.634644 },
    "Амму-нация [SF]": { "x": -2611.327393, "y": 213.002808 },
    "Автосалон [LV] B/A": { "x": 2159.575195, "y": 1385.734131 },
    "Автосалон [SF] S": { "x": -1754.2285, "y": 964.1264 },
    "Бар Tierra Robada": { "x": -2501.24292, "y": 2318.692627 },
    "Flint": { "x": -90.936501, "y": -1169.390747 },
    "Банк [SF]": { "x": -2226.506348, "y": 251.924103 },
    "Военкомат": { "x": -551.301514, "y": 2593.905029 },
    "Склад угля 1": { "x": 832.456787, "y": 863.901611 },
    "Клуб Jizzy": { "x": -2593.454834, "y": 1362.782349 },
    "Fort Carson": { "x": 61.247101, "y": 1189.19104 },
    "Инкассаторы": { "x": -2206.516113, "y": 312.605194 },